SubjectID,gain
PD104,1.116738370917911
PD106,1.4905555555555556
PD107,0.5290862573099414
PD108,1.3349175400113742
PD109,1.2786393846567736
PD111,1.2414349719289122
PD112,1.2271904968940992
PD119,1.2275911658962506
PD120,0.30975801237646616
PD121,1.3029873522619897
PD122,0.847184937967061
PD126,1.3600799603362972
PDPY101,1.1085482527754282
PDQE102,0.5897158588142758
PDQE103,1.4352807768758593
PDQE104,1.125061931210723
PDQE105,0.9301336448981266
PDQE107,1.2168205713228601
PDQE108,0.8714868702181064
PDQE112,1.3800569476082003
PDQE113,0.897751905561317
PDQE114,1.4404899263335407
PDQE115,1.1119817366017972
PDPW104,0.8072428327542146
PDPW106,1.3061243111062448
PDPW107,1.3228759259820715
PDPW109,1.1463525641025638
PDPW110,0.7084239549861787
PDPW111,1.33923538801611
PDPW112,0.815789214800168
PDPW113,0.9299546747880295
