SubjectID,gain
PD001,0.0
PD002,0.1637037037037037
PD003,0.29694767441860465
PD004,0.18309234999191334
PD005,1.069286723163842
PD006,0.4642722443559097
PD007,0.39253164556962034
PD008,0.0
PD009,1.1775
PD010,0.6740497512437811
PD011,0.5342415730337078
PD012,0.6247183098591548
PD013,0.5195778267254038
PDN015,0.26860428231562244
PDN017,0.5922145488029465
PDN018,0.6683727990285367
PDN019,0.1352541928721174
PD026,0.36377898550724636
